Name,Vendor,Alias,Keywords,Variant,File
Microsoft Power BI,Microsoft,power-bi,power bi powerbi microsoft analytics dashboard reporting business intelligence,00_Raw_Source,Brand_Logos/00_Raw_Source/power-bi__logo__raw-source.svg
Microsoft Power BI,Microsoft,power-bi,power bi powerbi microsoft analytics dashboard reporting business intelligence,01_Transparent_Black,Brand_Logos/01_Transparent_Black/power-bi__logo__transparent-black.svg
Microsoft Power BI,Microsoft,power-bi,power bi powerbi microsoft analytics dashboard reporting business intelligence,02_Transparent_White,Brand_Logos/02_Transparent_White/power-bi__logo__transparent-white.svg
Microsoft Power BI,Microsoft,power-bi,power bi powerbi microsoft analytics dashboard reporting business intelligence,03_Circle_Blue,Brand_Logos/03_Circle_Blue/power-bi__logo__circle-blue.svg
Microsoft Power BI,Microsoft,power-bi,power bi powerbi microsoft analytics dashboard reporting business intelligence,04_Circle_Dark,Brand_Logos/04_Circle_Dark/power-bi__logo__circle-dark.svg
Microsoft Power BI,Microsoft,power-bi,power bi powerbi microsoft analytics dashboard reporting business intelligence,05_Rounded_Square_Blue,Brand_Logos/05_Rounded_Square_Blue/power-bi__logo__square-blue.svg
Microsoft Power BI,Microsoft,power-bi,power bi powerbi microsoft analytics dashboard reporting business intelligence,06_Rounded_Square_Dark,Brand_Logos/06_Rounded_Square_Dark/power-bi__logo__square-dark.svg
Microsoft Power BI,Microsoft,powerbi,power bi powerbi microsoft analytics dashboard reporting business intelligence,00_Raw_Source,Brand_Logos/00_Raw_Source/powerbi__logo__raw-source.svg
Microsoft Power BI,Microsoft,powerbi,power bi powerbi microsoft analytics dashboard reporting business intelligence,01_Transparent_Black,Brand_Logos/01_Transparent_Black/powerbi__logo__transparent-black.svg
Microsoft Power BI,Microsoft,powerbi,power bi powerbi microsoft analytics dashboard reporting business intelligence,02_Transparent_White,Brand_Logos/02_Transparent_White/powerbi__logo__transparent-white.svg
Microsoft Power BI,Microsoft,powerbi,power bi powerbi microsoft analytics dashboard reporting business intelligence,03_Circle_Blue,Brand_Logos/03_Circle_Blue/powerbi__logo__circle-blue.svg
Microsoft Power BI,Microsoft,powerbi,power bi powerbi microsoft analytics dashboard reporting business intelligence,04_Circle_Dark,Brand_Logos/04_Circle_Dark/powerbi__logo__circle-dark.svg
Microsoft Power BI,Microsoft,powerbi,power bi powerbi microsoft analytics dashboard reporting business intelligence,05_Rounded_Square_Blue,Brand_Logos/05_Rounded_Square_Blue/powerbi__logo__square-blue.svg
Microsoft Power BI,Microsoft,powerbi,power bi powerbi microsoft analytics dashboard reporting business intelligence,06_Rounded_Square_Dark,Brand_Logos/06_Rounded_Square_Dark/powerbi__logo__square-dark.svg
Microsoft Power BI,Microsoft,microsoft-power-bi,power bi powerbi microsoft analytics dashboard reporting business intelligence,00_Raw_Source,Brand_Logos/00_Raw_Source/microsoft-power-bi__logo__raw-source.svg
Microsoft Power BI,Microsoft,microsoft-power-bi,power bi powerbi microsoft analytics dashboard reporting business intelligence,01_Transparent_Black,Brand_Logos/01_Transparent_Black/microsoft-power-bi__logo__transparent-black.svg
Microsoft Power BI,Microsoft,microsoft-power-bi,power bi powerbi microsoft analytics dashboard reporting business intelligence,02_Transparent_White,Brand_Logos/02_Transparent_White/microsoft-power-bi__logo__transparent-white.svg
Microsoft Power BI,Microsoft,microsoft-power-bi,power bi powerbi microsoft analytics dashboard reporting business intelligence,03_Circle_Blue,Brand_Logos/03_Circle_Blue/microsoft-power-bi__logo__circle-blue.svg
Microsoft Power BI,Microsoft,microsoft-power-bi,power bi powerbi microsoft analytics dashboard reporting business intelligence,04_Circle_Dark,Brand_Logos/04_Circle_Dark/microsoft-power-bi__logo__circle-dark.svg
Microsoft Power BI,Microsoft,microsoft-power-bi,power bi powerbi microsoft analytics dashboard reporting business intelligence,05_Rounded_Square_Blue,Brand_Logos/05_Rounded_Square_Blue/microsoft-power-bi__logo__square-blue.svg
Microsoft Power BI,Microsoft,microsoft-power-bi,power bi powerbi microsoft analytics dashboard reporting business intelligence,06_Rounded_Square_Dark,Brand_Logos/06_Rounded_Square_Dark/microsoft-power-bi__logo__square-dark.svg
Microsoft Power Automate,Microsoft,power-automate,power automate powerautomate microsoft workflow automation flow,00_Raw_Source,Brand_Logos/00_Raw_Source/power-automate__logo__raw-source.svg
Microsoft Power Automate,Microsoft,power-automate,power automate powerautomate microsoft workflow automation flow,01_Transparent_Black,Brand_Logos/01_Transparent_Black/power-automate__logo__transparent-black.svg
Microsoft Power Automate,Microsoft,power-automate,power automate powerautomate microsoft workflow automation flow,02_Transparent_White,Brand_Logos/02_Transparent_White/power-automate__logo__transparent-white.svg
Microsoft Power Automate,Microsoft,power-automate,power automate powerautomate microsoft workflow automation flow,03_Circle_Blue,Brand_Logos/03_Circle_Blue/power-automate__logo__circle-blue.svg
Microsoft Power Automate,Microsoft,power-automate,power automate powerautomate microsoft workflow automation flow,04_Circle_Dark,Brand_Logos/04_Circle_Dark/power-automate__logo__circle-dark.svg
Microsoft Power Automate,Microsoft,power-automate,power automate powerautomate microsoft workflow automation flow,05_Rounded_Square_Blue,Brand_Logos/05_Rounded_Square_Blue/power-automate__logo__square-blue.svg
Microsoft Power Automate,Microsoft,power-automate,power automate powerautomate microsoft workflow automation flow,06_Rounded_Square_Dark,Brand_Logos/06_Rounded_Square_Dark/power-automate__logo__square-dark.svg
Microsoft Power Automate,Microsoft,powerautomate,power automate powerautomate microsoft workflow automation flow,00_Raw_Source,Brand_Logos/00_Raw_Source/powerautomate__logo__raw-source.svg
Microsoft Power Automate,Microsoft,powerautomate,power automate powerautomate microsoft workflow automation flow,01_Transparent_Black,Brand_Logos/01_Transparent_Black/powerautomate__logo__transparent-black.svg
Microsoft Power Automate,Microsoft,powerautomate,power automate powerautomate microsoft workflow automation flow,02_Transparent_White,Brand_Logos/02_Transparent_White/powerautomate__logo__transparent-white.svg
Microsoft Power Automate,Microsoft,powerautomate,power automate powerautomate microsoft workflow automation flow,03_Circle_Blue,Brand_Logos/03_Circle_Blue/powerautomate__logo__circle-blue.svg
Microsoft Power Automate,Microsoft,powerautomate,power automate powerautomate microsoft workflow automation flow,04_Circle_Dark,Brand_Logos/04_Circle_Dark/powerautomate__logo__circle-dark.svg
Microsoft Power Automate,Microsoft,powerautomate,power automate powerautomate microsoft workflow automation flow,05_Rounded_Square_Blue,Brand_Logos/05_Rounded_Square_Blue/powerautomate__logo__square-blue.svg
Microsoft Power Automate,Microsoft,powerautomate,power automate powerautomate microsoft workflow automation flow,06_Rounded_Square_Dark,Brand_Logos/06_Rounded_Square_Dark/powerautomate__logo__square-dark.svg
Microsoft Power Automate,Microsoft,microsoft-power-automate,power automate powerautomate microsoft workflow automation flow,00_Raw_Source,Brand_Logos/00_Raw_Source/microsoft-power-automate__logo__raw-source.svg
Microsoft Power Automate,Microsoft,microsoft-power-automate,power automate powerautomate microsoft workflow automation flow,01_Transparent_Black,Brand_Logos/01_Transparent_Black/microsoft-power-automate__logo__transparent-black.svg
Microsoft Power Automate,Microsoft,microsoft-power-automate,power automate powerautomate microsoft workflow automation flow,02_Transparent_White,Brand_Logos/02_Transparent_White/microsoft-power-automate__logo__transparent-white.svg
Microsoft Power Automate,Microsoft,microsoft-power-automate,power automate powerautomate microsoft workflow automation flow,03_Circle_Blue,Brand_Logos/03_Circle_Blue/microsoft-power-automate__logo__circle-blue.svg
Microsoft Power Automate,Microsoft,microsoft-power-automate,power automate powerautomate microsoft workflow automation flow,04_Circle_Dark,Brand_Logos/04_Circle_Dark/microsoft-power-automate__logo__circle-dark.svg
Microsoft Power Automate,Microsoft,microsoft-power-automate,power automate powerautomate microsoft workflow automation flow,05_Rounded_Square_Blue,Brand_Logos/05_Rounded_Square_Blue/microsoft-power-automate__logo__square-blue.svg
Microsoft Power Automate,Microsoft,microsoft-power-automate,power automate powerautomate microsoft workflow automation flow,06_Rounded_Square_Dark,Brand_Logos/06_Rounded_Square_Dark/microsoft-power-automate__logo__square-dark.svg
Microsoft Power Query,Microsoft,power-query,power query powerquery microsoft etl data transformation excel power bi,00_Raw_Source,Brand_Logos/00_Raw_Source/power-query__logo__raw-source.svg
Microsoft Power Query,Microsoft,power-query,power query powerquery microsoft etl data transformation excel power bi,01_Transparent_Black,Brand_Logos/01_Transparent_Black/power-query__logo__transparent-black.svg
Microsoft Power Query,Microsoft,power-query,power query powerquery microsoft etl data transformation excel power bi,02_Transparent_White,Brand_Logos/02_Transparent_White/power-query__logo__transparent-white.svg
Microsoft Power Query,Microsoft,power-query,power query powerquery microsoft etl data transformation excel power bi,03_Circle_Blue,Brand_Logos/03_Circle_Blue/power-query__logo__circle-blue.svg
Microsoft Power Query,Microsoft,power-query,power query powerquery microsoft etl data transformation excel power bi,04_Circle_Dark,Brand_Logos/04_Circle_Dark/power-query__logo__circle-dark.svg
Microsoft Power Query,Microsoft,power-query,power query powerquery microsoft etl data transformation excel power bi,05_Rounded_Square_Blue,Brand_Logos/05_Rounded_Square_Blue/power-query__logo__square-blue.svg
Microsoft Power Query,Microsoft,power-query,power query powerquery microsoft etl data transformation excel power bi,06_Rounded_Square_Dark,Brand_Logos/06_Rounded_Square_Dark/power-query__logo__square-dark.svg
Microsoft Power Query,Microsoft,powerquery,power query powerquery microsoft etl data transformation excel power bi,00_Raw_Source,Brand_Logos/00_Raw_Source/powerquery__logo__raw-source.svg
Microsoft Power Query,Microsoft,powerquery,power query powerquery microsoft etl data transformation excel power bi,01_Transparent_Black,Brand_Logos/01_Transparent_Black/powerquery__logo__transparent-black.svg
Microsoft Power Query,Microsoft,powerquery,power query powerquery microsoft etl data transformation excel power bi,02_Transparent_White,Brand_Logos/02_Transparent_White/powerquery__logo__transparent-white.svg
Microsoft Power Query,Microsoft,powerquery,power query powerquery microsoft etl data transformation excel power bi,03_Circle_Blue,Brand_Logos/03_Circle_Blue/powerquery__logo__circle-blue.svg
Microsoft Power Query,Microsoft,powerquery,power query powerquery microsoft etl data transformation excel power bi,04_Circle_Dark,Brand_Logos/04_Circle_Dark/powerquery__logo__circle-dark.svg
Microsoft Power Query,Microsoft,powerquery,power query powerquery microsoft etl data transformation excel power bi,05_Rounded_Square_Blue,Brand_Logos/05_Rounded_Square_Blue/powerquery__logo__square-blue.svg
Microsoft Power Query,Microsoft,powerquery,power query powerquery microsoft etl data transformation excel power bi,06_Rounded_Square_Dark,Brand_Logos/06_Rounded_Square_Dark/powerquery__logo__square-dark.svg
Microsoft Power Query,Microsoft,microsoft-power-query,power query powerquery microsoft etl data transformation excel power bi,00_Raw_Source,Brand_Logos/00_Raw_Source/microsoft-power-query__logo__raw-source.svg
Microsoft Power Query,Microsoft,microsoft-power-query,power query powerquery microsoft etl data transformation excel power bi,01_Transparent_Black,Brand_Logos/01_Transparent_Black/microsoft-power-query__logo__transparent-black.svg
Microsoft Power Query,Microsoft,microsoft-power-query,power query powerquery microsoft etl data transformation excel power bi,02_Transparent_White,Brand_Logos/02_Transparent_White/microsoft-power-query__logo__transparent-white.svg
Microsoft Power Query,Microsoft,microsoft-power-query,power query powerquery microsoft etl data transformation excel power bi,03_Circle_Blue,Brand_Logos/03_Circle_Blue/microsoft-power-query__logo__circle-blue.svg
Microsoft Power Query,Microsoft,microsoft-power-query,power query powerquery microsoft etl data transformation excel power bi,04_Circle_Dark,Brand_Logos/04_Circle_Dark/microsoft-power-query__logo__circle-dark.svg
Microsoft Power Query,Microsoft,microsoft-power-query,power query powerquery microsoft etl data transformation excel power bi,05_Rounded_Square_Blue,Brand_Logos/05_Rounded_Square_Blue/microsoft-power-query__logo__square-blue.svg
Microsoft Power Query,Microsoft,microsoft-power-query,power query powerquery microsoft etl data transformation excel power bi,06_Rounded_Square_Dark,Brand_Logos/06_Rounded_Square_Dark/microsoft-power-query__logo__square-dark.svg
Microsoft Excel,Microsoft,microsoft-excel,microsoft excel spreadsheet xlsx office 365,00_Raw_Source,Brand_Logos/00_Raw_Source/microsoft-excel__logo__raw-source.svg
Microsoft Excel,Microsoft,microsoft-excel,microsoft excel spreadsheet xlsx office 365,01_Transparent_Black,Brand_Logos/01_Transparent_Black/microsoft-excel__logo__transparent-black.svg
Microsoft Excel,Microsoft,microsoft-excel,microsoft excel spreadsheet xlsx office 365,02_Transparent_White,Brand_Logos/02_Transparent_White/microsoft-excel__logo__transparent-white.svg
Microsoft Excel,Microsoft,microsoft-excel,microsoft excel spreadsheet xlsx office 365,03_Circle_Blue,Brand_Logos/03_Circle_Blue/microsoft-excel__logo__circle-blue.svg
Microsoft Excel,Microsoft,microsoft-excel,microsoft excel spreadsheet xlsx office 365,04_Circle_Dark,Brand_Logos/04_Circle_Dark/microsoft-excel__logo__circle-dark.svg
Microsoft Excel,Microsoft,microsoft-excel,microsoft excel spreadsheet xlsx office 365,05_Rounded_Square_Blue,Brand_Logos/05_Rounded_Square_Blue/microsoft-excel__logo__square-blue.svg
Microsoft Excel,Microsoft,microsoft-excel,microsoft excel spreadsheet xlsx office 365,06_Rounded_Square_Dark,Brand_Logos/06_Rounded_Square_Dark/microsoft-excel__logo__square-dark.svg
Microsoft Excel,Microsoft,excel,microsoft excel spreadsheet xlsx office 365,00_Raw_Source,Brand_Logos/00_Raw_Source/excel__logo__raw-source.svg
Microsoft Excel,Microsoft,excel,microsoft excel spreadsheet xlsx office 365,01_Transparent_Black,Brand_Logos/01_Transparent_Black/excel__logo__transparent-black.svg
Microsoft Excel,Microsoft,excel,microsoft excel spreadsheet xlsx office 365,02_Transparent_White,Brand_Logos/02_Transparent_White/excel__logo__transparent-white.svg
Microsoft Excel,Microsoft,excel,microsoft excel spreadsheet xlsx office 365,03_Circle_Blue,Brand_Logos/03_Circle_Blue/excel__logo__circle-blue.svg
Microsoft Excel,Microsoft,excel,microsoft excel spreadsheet xlsx office 365,04_Circle_Dark,Brand_Logos/04_Circle_Dark/excel__logo__circle-dark.svg
Microsoft Excel,Microsoft,excel,microsoft excel spreadsheet xlsx office 365,05_Rounded_Square_Blue,Brand_Logos/05_Rounded_Square_Blue/excel__logo__square-blue.svg
Microsoft Excel,Microsoft,excel,microsoft excel spreadsheet xlsx office 365,06_Rounded_Square_Dark,Brand_Logos/06_Rounded_Square_Dark/excel__logo__square-dark.svg
Microsoft Excel,Microsoft,ms-excel,microsoft excel spreadsheet xlsx office 365,00_Raw_Source,Brand_Logos/00_Raw_Source/ms-excel__logo__raw-source.svg
Microsoft Excel,Microsoft,ms-excel,microsoft excel spreadsheet xlsx office 365,01_Transparent_Black,Brand_Logos/01_Transparent_Black/ms-excel__logo__transparent-black.svg
Microsoft Excel,Microsoft,ms-excel,microsoft excel spreadsheet xlsx office 365,02_Transparent_White,Brand_Logos/02_Transparent_White/ms-excel__logo__transparent-white.svg
Microsoft Excel,Microsoft,ms-excel,microsoft excel spreadsheet xlsx office 365,03_Circle_Blue,Brand_Logos/03_Circle_Blue/ms-excel__logo__circle-blue.svg
Microsoft Excel,Microsoft,ms-excel,microsoft excel spreadsheet xlsx office 365,04_Circle_Dark,Brand_Logos/04_Circle_Dark/ms-excel__logo__circle-dark.svg
Microsoft Excel,Microsoft,ms-excel,microsoft excel spreadsheet xlsx office 365,05_Rounded_Square_Blue,Brand_Logos/05_Rounded_Square_Blue/ms-excel__logo__square-blue.svg
Microsoft Excel,Microsoft,ms-excel,microsoft excel spreadsheet xlsx office 365,06_Rounded_Square_Dark,Brand_Logos/06_Rounded_Square_Dark/ms-excel__logo__square-dark.svg
Google Apps Script,Google,google-apps-script,google apps script googleappsscript appsscript automation javascript workspace,00_Raw_Source,Brand_Logos/00_Raw_Source/google-apps-script__logo__raw-source.svg
Google Apps Script,Google,google-apps-script,google apps script googleappsscript appsscript automation javascript workspace,01_Transparent_Black,Brand_Logos/01_Transparent_Black/google-apps-script__logo__transparent-black.svg
Google Apps Script,Google,google-apps-script,google apps script googleappsscript appsscript automation javascript workspace,02_Transparent_White,Brand_Logos/02_Transparent_White/google-apps-script__logo__transparent-white.svg
Google Apps Script,Google,google-apps-script,google apps script googleappsscript appsscript automation javascript workspace,03_Circle_Blue,Brand_Logos/03_Circle_Blue/google-apps-script__logo__circle-blue.svg
Google Apps Script,Google,google-apps-script,google apps script googleappsscript appsscript automation javascript workspace,04_Circle_Dark,Brand_Logos/04_Circle_Dark/google-apps-script__logo__circle-dark.svg
Google Apps Script,Google,google-apps-script,google apps script googleappsscript appsscript automation javascript workspace,05_Rounded_Square_Blue,Brand_Logos/05_Rounded_Square_Blue/google-apps-script__logo__square-blue.svg
Google Apps Script,Google,google-apps-script,google apps script googleappsscript appsscript automation javascript workspace,06_Rounded_Square_Dark,Brand_Logos/06_Rounded_Square_Dark/google-apps-script__logo__square-dark.svg
Google Apps Script,Google,googleappsscript,google apps script googleappsscript appsscript automation javascript workspace,00_Raw_Source,Brand_Logos/00_Raw_Source/googleappsscript__logo__raw-source.svg
Google Apps Script,Google,googleappsscript,google apps script googleappsscript appsscript automation javascript workspace,01_Transparent_Black,Brand_Logos/01_Transparent_Black/googleappsscript__logo__transparent-black.svg
Google Apps Script,Google,googleappsscript,google apps script googleappsscript appsscript automation javascript workspace,02_Transparent_White,Brand_Logos/02_Transparent_White/googleappsscript__logo__transparent-white.svg
Google Apps Script,Google,googleappsscript,google apps script googleappsscript appsscript automation javascript workspace,03_Circle_Blue,Brand_Logos/03_Circle_Blue/googleappsscript__logo__circle-blue.svg
Google Apps Script,Google,googleappsscript,google apps script googleappsscript appsscript automation javascript workspace,04_Circle_Dark,Brand_Logos/04_Circle_Dark/googleappsscript__logo__circle-dark.svg
Google Apps Script,Google,googleappsscript,google apps script googleappsscript appsscript automation javascript workspace,05_Rounded_Square_Blue,Brand_Logos/05_Rounded_Square_Blue/googleappsscript__logo__square-blue.svg
Google Apps Script,Google,googleappsscript,google apps script googleappsscript appsscript automation javascript workspace,06_Rounded_Square_Dark,Brand_Logos/06_Rounded_Square_Dark/googleappsscript__logo__square-dark.svg
Google Apps Script,Google,apps-script,google apps script googleappsscript appsscript automation javascript workspace,00_Raw_Source,Brand_Logos/00_Raw_Source/apps-script__logo__raw-source.svg
Google Apps Script,Google,apps-script,google apps script googleappsscript appsscript automation javascript workspace,01_Transparent_Black,Brand_Logos/01_Transparent_Black/apps-script__logo__transparent-black.svg
Google Apps Script,Google,apps-script,google apps script googleappsscript appsscript automation javascript workspace,02_Transparent_White,Brand_Logos/02_Transparent_White/apps-script__logo__transparent-white.svg
Google Apps Script,Google,apps-script,google apps script googleappsscript appsscript automation javascript workspace,03_Circle_Blue,Brand_Logos/03_Circle_Blue/apps-script__logo__circle-blue.svg
Google Apps Script,Google,apps-script,google apps script googleappsscript appsscript automation javascript workspace,04_Circle_Dark,Brand_Logos/04_Circle_Dark/apps-script__logo__circle-dark.svg
Google Apps Script,Google,apps-script,google apps script googleappsscript appsscript automation javascript workspace,05_Rounded_Square_Blue,Brand_Logos/05_Rounded_Square_Blue/apps-script__logo__square-blue.svg
Google Apps Script,Google,apps-script,google apps script googleappsscript appsscript automation javascript workspace,06_Rounded_Square_Dark,Brand_Logos/06_Rounded_Square_Dark/apps-script__logo__square-dark.svg
Python,Python Software Foundation,python,python programming language scripting automation data,00_Raw_Source,Brand_Logos/00_Raw_Source/python__logo__raw-source.svg
Python,Python Software Foundation,python,python programming language scripting automation data,01_Transparent_Black,Brand_Logos/01_Transparent_Black/python__logo__transparent-black.svg
Python,Python Software Foundation,python,python programming language scripting automation data,02_Transparent_White,Brand_Logos/02_Transparent_White/python__logo__transparent-white.svg
Python,Python Software Foundation,python,python programming language scripting automation data,03_Circle_Blue,Brand_Logos/03_Circle_Blue/python__logo__circle-blue.svg
Python,Python Software Foundation,python,python programming language scripting automation data,04_Circle_Dark,Brand_Logos/04_Circle_Dark/python__logo__circle-dark.svg
Python,Python Software Foundation,python,python programming language scripting automation data,05_Rounded_Square_Blue,Brand_Logos/05_Rounded_Square_Blue/python__logo__square-blue.svg
Python,Python Software Foundation,python,python programming language scripting automation data,06_Rounded_Square_Dark,Brand_Logos/06_Rounded_Square_Dark/python__logo__square-dark.svg
Python,Python Software Foundation,python-language,python programming language scripting automation data,00_Raw_Source,Brand_Logos/00_Raw_Source/python-language__logo__raw-source.svg
Python,Python Software Foundation,python-language,python programming language scripting automation data,01_Transparent_Black,Brand_Logos/01_Transparent_Black/python-language__logo__transparent-black.svg
Python,Python Software Foundation,python-language,python programming language scripting automation data,02_Transparent_White,Brand_Logos/02_Transparent_White/python-language__logo__transparent-white.svg
Python,Python Software Foundation,python-language,python programming language scripting automation data,03_Circle_Blue,Brand_Logos/03_Circle_Blue/python-language__logo__circle-blue.svg
Python,Python Software Foundation,python-language,python programming language scripting automation data,04_Circle_Dark,Brand_Logos/04_Circle_Dark/python-language__logo__circle-dark.svg
Python,Python Software Foundation,python-language,python programming language scripting automation data,05_Rounded_Square_Blue,Brand_Logos/05_Rounded_Square_Blue/python-language__logo__square-blue.svg
Python,Python Software Foundation,python-language,python programming language scripting automation data,06_Rounded_Square_Dark,Brand_Logos/06_Rounded_Square_Dark/python-language__logo__square-dark.svg
